编号,项目,类型,分组,客户/公司,年份,我的角色,进作品集,主图文件,Figma链接,上线链接,备注
01,FLock.io 官网,网站,AI 产品 & 网站,FLock.io,2023-2026,独立完成视觉设计,是,01_精选作品/flock-website/cover.jpg,,https://www.flock.io/,
02,chat.flock.io,AI 产品,AI 产品 & 网站,FLock.io,2025-2026,设计系统 + 界面,是,01_精选作品/flock-website/detail-01.jpg,,https://chat.flock.io/,
03,和光科技 品牌系统,品牌,AI 产品 & 网站,和光科技,2026,Design Lead,是,01_精选作品/andlight-brand/cover.jpg,https://www.figma.com/design/2LIdo5Yb5woUxxaKmjIyR9,,
04,壮游户外 GTO Logo,Logo,品牌 & Logo,壮游户外,,独立设计,是,01_精选作品/gto-outdoor-logo/cover.jpg,https://www.figma.com/design/2Y1l69PsmlwIV4mCZVTPBu,,
05,UltraX Logo,Logo,品牌 & Logo,UltraX,,独立设计,是,01_精选作品/ultrax-logo/cover.jpg,https://www.figma.com/slides/mYx0N3JI9ukWDvP7VTJBpw,,
06,FMGO 品牌物料,品牌物料,品牌 & Logo,FMG,,品牌图 + 设计文档,是,01_精选作品/fmgo-collateral/cover.jpg,https://www.figma.com/design/kCmmjfAkwbgw4odyFNuXL7,,
07,FLock 社媒海报,海报,海报 & 活动,FLock.io,2023-2026,独立设计,是,01_精选作品/flock-posters/cover.jpg,https://www.figma.com/design/izNykFafmx9U4W18ubQPxW,,
08,Qwen × Skyst Hackathon,活动视觉,海报 & 活动,FLock.io,2025,独立设计,是,01_精选作品/qwen-hackathon/cover.jpg,https://www.figma.com/design/9C142aN0MzvxQj8YTOcBeY,,
09,FOMO 产品识别,品牌,海报 & 活动,FLock.io,,独立设计,是,01_精选作品/fomo-brand/cover.jpg,https://www.figma.com/design/hf9BCzGzsoKJa53GsvuRW3,,
10,400盒子小程序,产品,归档候选,,,独立设计,待定,,,,已上线
11,9grid 建筑事务所官网,网站,归档候选,9grid,,独立设计,待定,,,,已上线
12,缤瓜 App 及官网,产品,归档候选,缤瓜,,独立设计,待定,,,,
